Year,Total_Applications,Total_Approvals,Total_Outflow,Net_Talent_Flow,Approval_Growth_Rate
2019,39679,18788,NA,18788,NA
2020,53889,21498,NA,21498,14.42410048967426
2021,36031,20631,NA,20631,-4.03293329612057
2022,29400,28136,NA,28136,36.37729630168193
2023,35501,22988,NA,22988,-18.296843901052032
